,MetricId,MetricName,Entity,MaxDays,Type,Url,Filter,MetricUnits,MetricDescription
0,DemaReal,Demanda Real por Sistema,Sistema,31,HourlyEntities,http://servapibi.xm.com.co/hourly,No aplica,kWh,Demanda de usuarios regulados y no regulados que hacen parte del Sistema Interconectado Nacional (no incluye Alumbrado Público)
1,DemaReal,Demanda Real por Agente,Agente,31,HourlyEntities,http://servapibi.xm.com.co/hourly,Codigo Comercializador,kWh,Demanda de usuarios regulados y no regulados que hacen parte del Sistema Interconectado Nacional (no incluye Alumbrado Público)
2,ExpoMoneda,Exportaciones Moneda por Sistema,Sistema,31,HourlyEntities,http://servapibi.xm.com.co/hourly,No aplica,COP,Transferencias de Energia desde Colombia hacia otros paises
3,DemaCome,Demanda Comercial por Sistema,Sistema,31,HourlyEntities,http://servapibi.xm.com.co/hourly,No aplica,kWh,Considera la demanda propia de cada comercializador mas la paticipacion en la perdidas del STN y los consumos propios de los generadores.
4,Gene,Generación por Sistema,Sistema,31,HourlyEntities,http://servapibi.xm.com.co/hourly,No aplica,kWh,Generacion neta de cada una de las plantas Nacionales en sus puntos de frontera.
5,GeneIdea,Generación Ideal por Sistema,Sistema,31,HourlyEntities,http://servapibi.xm.com.co/hourly,No aplica,kWh,Despacho de generacion que resulta de considerar una red de transporte inexistente
6,PrecBolsNaci,Precio Bolsa Nacional por Sistema,Sistema,31,HourlyEntities,http://servapibi.xm.com.co/hourly,No aplica,COP/kWh,"Precio de oferta de la última planta flexible para atender la demanda comercial nacional, más delta de incremento para remunerar los costos no cubiertos de las plantas térmicas en el despacho ideal."
7,RestAliv,Restricciones Aliviadas por Sistema,Sistema,31,HourlyEntities,http://servapibi.xm.com.co/hourly,No aplica,COP,"“Es el valor a cargo de los comercializadores por concepto de restricciones después de aplicar los alivios definidos en la regulación vigente”, la regla de negocio de esta métrica sería la Resolución "
8,ConsCombustibleMBTU,Consumo Combustible MBTU por Recurso,Recurso,31,HourlyEntities,http://servapibi.xm.com.co/hourly,Codigo Submercado Generación,MBTU,Los generadores térmicos deben reportar diariamente según resolución CREG 084 de 2005 el consumo de combustible en MBTU
9,Gene,Generación por Recurso,Recurso,31,HourlyEntities,http://servapibi.xm.com.co/hourly,Codigo Submercado Generación,kWh,Generacion neta de cada una de las plantas Nacionales en sus puntos de frontera.
10,IndRecMargina,Indicador Recurso Margina por Recurso,Recurso,31,HourlyEntities,http://servapibi.xm.com.co/hourly,Codigo Submercado Generación,#,"Si Precio de Oferta Declarado = Máximo Precio de Oferta Nacional (para el recurso que esto se cumpla, es el recurso que margina)"
11,DemaCome,Demanda Comercial por Agente,Agente,31,HourlyEntities,http://servapibi.xm.com.co/hourly,Codigo Comercializador,kWh,Considera la demanda propia de cada comercializador mas la paticipacion en la perdidas del STN y los consumos propios de los generadores.
12,PrecOferDesp,Precio de Oferta de Despacho por Recurso,Recurso,31,HourlyEntities,http://servapibi.xm.com.co/hourly,Codigo Submercado Generación,COP/kWh,Es el precio de la energia de un recurso de generación despachados centralmente enviados por los agentes para el Despacho. Incluye el CEE
13,MaxPrecOferNal,Máximo Precio de Oferta Nacional por Sistema,Sistema,31,HourlyEntities,http://servapibi.xm.com.co/hourly,No aplica,COP/kWh,Máximo precio de oferta nacional
14,CompBolsNaciEner,Compras Bolsa Nacional Energía por Sistema,Sistema,31,HourlyEntities,http://servapibi.xm.com.co/hourly,No aplica,kWh,Energía comprada en la Bolsa de Energía para atender la demanda nacional
15,CompBolsNaciEner,Compras Bolsa Nacional Energía por Agente,Agente,31,HourlyEntities,http://servapibi.xm.com.co/hourly,Codigo Agente,kWh,Energía comprada en la Bolsa de Energía para atender la demanda nacional
16,CompContEner,Compras en Contrato Energía por Sistema,Sistema,31,HourlyEntities,http://servapibi.xm.com.co/hourly,No aplica,kWh,Energía comprada mediante Contratos de largo plazo
17,CompContEner,Compras en Contrato Energía por Agente,Agente,31,HourlyEntities,http://servapibi.xm.com.co/hourly,Codigo Agente,kWh,Energía comprada mediante Contratos de largo plazo
18,VentContEner,Ventas en Contrato Energía por Sistema,Sistema,31,HourlyEntities,http://servapibi.xm.com.co/hourly,No aplica,kWh,Energia vendida mediante Contratos de largo plazo
19,VentContEner,Ventas en Contrato Energía por Agente,Agente,31,HourlyEntities,http://servapibi.xm.com.co/hourly,Codigo Agente,kWh,Energia vendida mediante Contratos de largo plazo
20,GeneIdea,Generación Ideal por Recurso,Recurso,31,HourlyEntities,http://servapibi.xm.com.co/hourly,Codigo Submercado Generación,kWh,Despacho de generacion que resulta de considerar una red de transporte inexistente
21,ConsCombAprox,Consumo Combustible Aproximado para el Factor de Emisión por RecursoComb,RecursoComb,31,HourlyEntities,http://servapibi.xm.com.co/hourly,Codigo Submercado Generación,MBTU,La métrica se construye con el objetivo de determinar un valor aproximado para el consumo de combustible para los generadores térmicos que no deben reportar diariamente según resolución CREG 084 de 20
22,EmisionesCO2,Emisiones de CO2 por RecursoComb,RecursoComb,31,HourlyEntities,http://servapibi.xm.com.co/hourly,Codigo Submercado Generación,TonCO2,Emisiones totales de Dióxido de Carbono – CO2 de las plantas de generación registradas ante el CND. Incluye tanto las obtenidas con base en el reporte de consumo de combustible como las aproximadas po
23,EmisionesCH4,Emisiones de CH4 por RecursoComb,RecursoComb,31,HourlyEntities,http://servapibi.xm.com.co/hourly,Codigo Submercado Generación,TonCH4,"Emisiones totales de Dióxido de Carbono –CH4 de las plantas de generación registradas ante el CND, incluye tanto las obtenidas con base en el reporte de consumo de combustible como las aproximadas por"
24,EmisionesN2O,Emisiones de N2O por RecursoComb,RecursoComb,31,HourlyEntities,http://servapibi.xm.com.co/hourly,Codigo Submercado Generación,TonN2O,"Emisiones totales de Dióxido de Carbono – N2O de las plantas de generación registradas ante el CND, incluye tanto las obtenidas con base en el reporte de consumo de combustible como las aproximadas po"
25,EmisionesCO2Eq,Emisiones de CO2 Eq por Recurso,Recurso,31,HourlyEntities,http://servapibi.xm.com.co/hourly,Codigo Submercado Generación,gCO2e/kWh,Emisiones totales de Dióxido de Carbono. Para convertir las emisiones de CH4 y N2O se tomaron las sigueintes equivalencias 1 tonCH4= 21 tonCO2e y 1 tonN2O= 310 tonCO2e
26,factorEmisionCO2e,Emisiones de CO2 Eq/kWh por Sistema,Sistema,31,HourlyEntities,http://servapibi.xm.com.co/hourly,No aplica,gCO2e/kWh,Factor de emision de CO2 equivalente. Corresponde al Margen de Operación Simple (OM) el cual se obtiene como el cociente entre la generación real Sistema y las emisiones de CO2. Para convertir las emi
27,ImpoEner,Importaciones Energía por Sistema,Sistema,31,HourlyEntities,http://servapibi.xm.com.co/hourly,No aplica,kWh,Transferencias de Energia desde otros paises para abastecer la demanda nacional
28,ImpoEner,Importaciones Energía,Enlace,31,HourlyEntities,http://servapibi.xm.com.co/hourly,No aplica,kWh,Transferencias de Energia desde otros paises para abastecer la demanda nacional
29,ImpoMoneda,Importaciones Moneda,Enlace,31,HourlyEntities,http://servapibi.xm.com.co/hourly,No aplica,COP,Transferencias de Energia desde otros paises para abastecer la demanda nacional
30,ExpoEner,Exportaciones Energía,Enlace,31,HourlyEntities,http://servapibi.xm.com.co/hourly,No aplica,kWh,Transferencias de Energia desde Colombia hacia otros paises
31,ExpoMoneda,Exportaciones Moneda,Enlace,31,HourlyEntities,http://servapibi.xm.com.co/hourly,No aplica,COP,Transferencias de Energia desde Colombia hacia otros paises
32,DemaOR,Demanda por OR por Agente,Agente,31,HourlyEntities,http://servapibi.xm.com.co/hourly,Codigo Distribuidor,kWh,"Demanda real del OR sin referir al STN, excluyendo la demanda de los usuarios conectados directamente al STN. Es decir que no se consideran las perdidas existentes en el STN."
33,PerdidasEner,Perdidas de Energía por Sistema,Sistema,31,HourlyEntities,http://servapibi.xm.com.co/hourly,No aplica,kWh,"Cantidad de las inyecciones de energia al Sistema de Transmision Nacional (flujos de baja a alta tension), menos la cantidad de los flujos que salieron del Sistema (flujos de alta a baja tension)."
34,GeneSeguridad,Generación de Seguridad por Recurso,Recurso,31,HourlyEntities,http://servapibi.xm.com.co/hourly,Codigo Submercado Generación,kWh,"Generación que se requiere para garantizar condiciones de seguridad y confiabilidad, en la operación del Sistema Interconectado Nacional (SIN). Esta generación es programada por el CND en el Despacho "
35,GeneFueraMerito,Generación Fuera de Mérito por Recurso,Recurso,31,HourlyEntities,http://servapibi.xm.com.co/hourly,Codigo Submercado Generación,kWh,"Generación forzada requerida para suplir las Restricciones del SIN, cuyo precio de oferta es superior al precio de bolsa."
36,ExpoEner,Exportaciones Energía por Sistema,Sistema,31,HourlyEntities,http://servapibi.xm.com.co/hourly,No aplica,kWh,Transferencias de Energia desde Colombia hacia otros paises
37,GeneProgDesp,Generación Programada por Recurso,Recurso,31,HourlyEntities,http://servapibi.xm.com.co/hourly,Codigo Submercado Generación,kWh,"Despacho de generacion esperado de las centrales, que resulta de considerar la red de transporte real"
38,GeneProgRedesp,Generación Programada Redespacho por Recurso,Recurso,31,HourlyEntities,http://servapibi.xm.com.co/hourly,Codigo Submercado Generación,kWh,Generación programada del redespacho
39,DispoReal,Disponibilidad Real por Recurso,Recurso,31,HourlyEntities,http://servapibi.xm.com.co/hourly,Codigo Submercado Generación,kW,"Disponibilidad promedio calculada a partir de la fecha de los eventos que modifican la disponibilidad de las unidades de generacion de los generadores, asi como de la disponibilidad reportada al Centr"
40,DispoCome,Disponibilidad Comercial por Recurso,Recurso,31,HourlyEntities,http://servapibi.xm.com.co/hourly,Codigo Submercado Generación,kW,"Considera la declaración de disponibilidad de los generadores, modificada cuando se presentan cambios en las unidades de generación en operación real del Sistema"
41,DispoDeclarada,Disponibilidad Declarada por Recurso,Recurso,31,HourlyEntities,http://servapibi.xm.com.co/hourly,Codigo Submercado Generación,kWh,"Máxima cantidad de potencia neta que un generador puede suministrar al sistema durante el intervalo de tiempo determinado para el despacho económico o el redespacho, reportada diariamente en la oferta"
42,RecoPosEner,Reconciliación Positiva Energía por Recurso,Recurso,31,HourlyEntities,http://servapibi.xm.com.co/hourly,Codigo Submercado Generación,kWh,Es el valor de la compensacion positiva que se debe aplicar a los generadores para cada uno de sus recursos ofertados debido a las diferencias entre el despacho ideal y la generacion real. Este concep
43,RecoNegEner,Reconciliación Negativa Energía por Recurso,Recurso,31,HourlyEntities,http://servapibi.xm.com.co/hourly,Codigo Submercado Generación,kWh,Costos asociados con generaciones desplazadas en el despacho real por Generaciones de Seguridad Fuera de Merito o por Redespachos (diferencia entre el despacho ideal y el real).Este concepto aplica de
44,RespComerAGC,Responsabilidad Comercial AGC por Sistema,Sistema,31,HourlyEntities,http://servapibi.xm.com.co/hourly,No aplica,COP,Responsabilidad Comercial de cada agente generador frente al Servicio de Regulación Secundara de Frecuencia
45,DesvEner,Desviaciones Energía por Recurso,Recurso,31,HourlyEntities,http://servapibi.xm.com.co/hourly,Codigo Submercado Generación,kWh,Es la cantidad de energía que se desvía una Central cuando incumple el programa de generación
46,DesvMoneda,Desviaciones Moneda por Recurso,Recurso,31,HourlyEntities,http://servapibi.xm.com.co/hourly,Codigo Submercado Generación,COP,Es la cantidad de energía que se desvía una Central cuando incumple el programa de generación
47,RecoPosMoneda,Reconciliación Positiva Moneda por Recurso,Recurso,31,HourlyEntities,http://servapibi.xm.com.co/hourly,Codigo Submercado Generación,COP,Es el valor de la compensacion positiva que se debe aplicar a los generadores para cada uno de sus recursos ofertados debido a las diferencias entre el despacho ideal y la generacion real. Este concep
48,RecoNegMoneda,Reconciliación Negativa Moneda por Recurso,Recurso,31,HourlyEntities,http://servapibi.xm.com.co/hourly,Codigo Submercado Generación,COP,Costos asociados con generaciones desplazadas en el despacho real por Generaciones de Seguridad Fuera de Merito o por Redespachos (diferencia entre el despacho ideal y el real).Este concepto aplica de
49,ExcedenteAGPE,Compras Excedentes AGPE por Agente,Agente,31,HourlyEntities,http://servapibi.xm.com.co/hourly,Codigo Agente,kWh,Compras Excedentes AGPE: Esta consulta está asociada con la energía que reportan los comercializadores integrados con los Operadores de Red como compras de excedentes a Autogeneradores a Pequeña Escal
50,DemaComeReg,Demanda Comercial Mercado Regulado por Agente,Agente,31,HourlyEntities,http://servapibi.xm.com.co/hourly,Codigo Comercializador,kWh,Considera la demanda propia de cada comercializador mas la paticipacion en la perdidas del STN y los consumos propios de los generadores.
51,DemaComeNoReg,Demanda Comercial Mercado No Regulado por Agente,Agente,31,HourlyEntities,http://servapibi.xm.com.co/hourly,Codigo Comercializador,kWh,Considera la demanda propia de cada comercializador mas la paticipacion en la perdidas del STN y los consumos propios de los generadores.
52,DemaComeReg,Demanda Comercial Mercado Regulado por Sistema,Sistema,31,HourlyEntities,http://servapibi.xm.com.co/hourly,No aplica,kWh,Considera la demanda propia de cada comercializador mas la paticipacion en la perdidas del STN y los consumos propios de los generadores.
53,DemaComeNoReg,Demanda Comercial Mercado No Regulado por Sistema,Sistema,31,HourlyEntities,http://servapibi.xm.com.co/hourly,No aplica,kWh,Considera la demanda propia de cada comercializador mas la paticipacion en la perdidas del STN y los consumos propios de los generadores.
54,RestSinAliv,Restricciones sin Alivios por Sistema,Sistema,31,HourlyEntities,http://servapibi.xm.com.co/hourly,No aplica,COP,Es el valor de la generacion de seguridad total del sistema asociada a restricciones por concepto de limitaciones en la capacidad de transporte en las redes del SIN.
55,DemaComeNoReg,Demanda Comercial por CIIU,CIIU,31,HourlyEntities,http://servapibi.xm.com.co/hourly,No aplica,kWh,Considera la demanda propia de cada comercializador mas la paticipacion en la perdidas del STN y los consumos propios de los generadores.
56,PrecPromContNoRegu,Precio Promedio Contratos No Regulados por Sistema,Sistema,31,HourlyEntities,http://servapibi.xm.com.co/hourly,No aplica,COP/kWh,[Sumatoria Valor Ventas Contrato cuando el Mercado Destino es No Regulado] / [Sumatoria Ventas Energía Contrato cuando el Mercado Destino es No Regulado]
57,PrecPromContRegu,Precio Promedio Contratos Regulados por Sistema,Sistema,31,HourlyEntities,http://servapibi.xm.com.co/hourly,No aplica,COP/kWh,[Sumatoria Valor Ventas Contrato cuando el Mercado Destino es Regulado] / [Sumatoria Ventas Energía Contrato cuando el Mercado Destino es Regulado]
58,CompContEnerReg,Compras en Contrato Energía Mercado Regulado por Agente,Agente,31,HourlyEntities,http://servapibi.xm.com.co/hourly,Codigo Agente,kWh,Energía comprada mediante Contratos de largo plazo
59,CompContEnerNoReg,Compras en Contrato Energía Mercado No Regulado por Agente,Agente,31,HourlyEntities,http://servapibi.xm.com.co/hourly,Codigo Agente,kWh,Energía comprada mediante Contratos de largo plazo
60,CompContEnerReg,Compras en Contrato Energía Mercado Regulado por Sistema,Sistema,31,HourlyEntities,http://servapibi.xm.com.co/hourly,No aplica,kWh,Energía comprada mediante Contratos de largo plazo
61,CompContEnerNoReg,Compras en Contrato Energía  Mercado No Regulado por Sistema,Sistema,31,HourlyEntities,http://servapibi.xm.com.co/hourly,No aplica,kWh,Energía comprada mediante Contratos de largo plazo
62,RentasCongestRestr,Rentas de Congestion para Cubrir Restricciones por Sistema,Sistema,31,HourlyEntities,http://servapibi.xm.com.co/hourly,No aplica,COP,"La Resolución CREG 060 de 2004 modifica la Resolución CREG 004 de 2003, estableciendo la asignación de las Rentas de Congestión a la demanda total, la cual es definida como la sumatoria de la demanda "
63,EjecGarantRestr,Ejecución de Garantías por Sistema,Sistema,31,HourlyEntities,http://servapibi.xm.com.co/hourly,No aplica,COP,"Ejecución de Garantías (Res. CREG 071 de 2006):“Valor (horario, diario y mensual) a favor de los comercializadores por ejecución de garantías del Cargo por Confiabilidad”; la regla de negocio es la Re"
64,SnTIEMerito,Saldo Neto TIE Merito por Sistema,Sistema,31,HourlyEntities,http://servapibi.xm.com.co/hourly,No aplica,COP,Corresponde a los valores netos deficitarios o superavitarios resultantes del ajuste final de Transacciones Internacionales de Electricidad de acuerdo con lo definido en la Resolución 004 de 2003.
65,SnTIEFueraMerito,Saldo Neto TIE Fuera Merito por Sistema,Sistema,31,HourlyEntities,http://servapibi.xm.com.co/hourly,No aplica,COP,Corresponde a los valores netos deficitarios o superavitarios resultantes del ajuste final de Transacciones Internacionales de Electricidad de acuerdo con lo definido en la Resolución 004 de 2003.
66,PrecBolsNaciTX1,Precio Bolsa Promedio Aritmético TX1 por Sistema,Sistema,31,HourlyEntities,http://servapibi.xm.com.co/hourly,No aplica,COP/kWh,Promedio aritmético del precio de bolsa nacional de la versión TX1
67,CompBolsaTIEEner,Compras Bolsa TIE Energía por Sistema,Sistema,31,HourlyEntities,http://servapibi.xm.com.co/hourly,No aplica,kWh,Energía comprada en la Bolsa de Energía para atender la demanda TIE
68,CompBolsaIntEner,Compras Bolsa Internacional Energía por Sistema,Sistema,31,HourlyEntities,http://servapibi.xm.com.co/hourly,No aplica,kWh,"Energía comprada en la Bolsa para atender la demanda internacional, es decir, las exportaciones a Venezuela. La interconexión con Venezuela se hace a través de las líneas Cuestecitas- Cuatricentenario"
69,VentBolsaTIEEner,Ventas Bolsa TIE Energía por Sistema,Sistema,31,HourlyEntities,http://servapibi.xm.com.co/hourly,No aplica,kWh,Energía comprada en la Bolsa de Energía para atender la demanda TIE
70,VentBolsaIntEner,Ventas Bolsa Internacional Energía por Sistema,Sistema,31,HourlyEntities,http://servapibi.xm.com.co/hourly,No aplica,kWh,Energía vendida en la Bolsa de Energía para atender la demanda internacional.
71,CompBolsaTIEEner,Compras Bolsa TIE Energía por Agente,Agente,31,HourlyEntities,http://servapibi.xm.com.co/hourly,Codigo Agente,kWh,Energía comprada en la Bolsa de Energía para atender la demanda TIE
72,CompBolsaIntEner,Compras Bolsa Internacional Energía por Agente,Agente,31,HourlyEntities,http://servapibi.xm.com.co/hourly,Codigo Agente,kWh,"Energía comprada en la Bolsa para atender la demanda internacional, es decir, las exportaciones a Venezuela. La interconexión con Venezuela se hace a través de las líneas Cuestecitas- Cuatricentenario"
73,VentBolsaTIEEner,Ventas Bolsa TIE Energía por Agente,Agente,31,HourlyEntities,http://servapibi.xm.com.co/hourly,Codigo Agente,kWh,Energía comprada en la Bolsa de Energía para atender la demanda TIE
74,VentBolsaIntEner,Ventas Bolsa Internacional Energía por Agente,Agente,31,HourlyEntities,http://servapibi.xm.com.co/hourly,Codigo Agente,kWh,Energía vendida en la Bolsa de Energía para atender la demanda internacional.
75,CompBolsaTIEMoneda,Compras Bolsa TIE Moneda por Agente,Agente,31,HourlyEntities,http://servapibi.xm.com.co/hourly,Codigo Agente,COP,Energía comprada en la Bolsa de Energía para atender la demanda TIE
76,CompBolsaIntMoneda,Compras Bolsa Internacional Moneda por Agente,Agente,31,HourlyEntities,http://servapibi.xm.com.co/hourly,Codigo Agente,COP,"Energía comprada en la Bolsa para atender la demanda internacional, es decir, las exportaciones a Venezuela. La interconexión con Venezuela se hace a través de las líneas Cuestecitas- Cuatricentenario"
77,VentBolsaTIEMoneda,Ventas Bolsa TIE Moneda por Agente,Agente,31,HourlyEntities,http://servapibi.xm.com.co/hourly,Codigo Agente,COP,Energía comprada en la Bolsa de Energía para atender la demanda TIE
78,VentBolsaIntMoneda,Ventas Bolsa Internacional Moneda por Agente,Agente,31,HourlyEntities,http://servapibi.xm.com.co/hourly,Codigo Agente,COP,Energía vendida en la Bolsa de Energía para atender la demanda internacional.
79,CompBolsaTIEMoneda,Compras Bolsa TIE Moneda por Sistema,Sistema,31,HourlyEntities,http://servapibi.xm.com.co/hourly,No aplica,COP,Energía comprada en la Bolsa de Energía para atender la demanda TIE
80,CompBolsaIntMoneda,Compras Bolsa Internacional Moneda por Sistema,Sistema,31,HourlyEntities,http://servapibi.xm.com.co/hourly,No aplica,COP,"Energía comprada en la Bolsa para atender la demanda internacional, es decir, las exportaciones a Venezuela. La interconexión con Venezuela se hace a través de las líneas Cuestecitas- Cuatricentenario"
81,VentBolsaTIEMoneda,Ventas Bolsa TIE Moneda por Sistema,Sistema,31,HourlyEntities,http://servapibi.xm.com.co/hourly,No aplica,COP,Energía comprada en la Bolsa de Energía para atender la demanda TIE
82,VentBolsaIntMoneda,Ventas Bolsa Internacional Moneda por Sistema,Sistema,31,HourlyEntities,http://servapibi.xm.com.co/hourly,No aplica,COP,Energía vendida en la Bolsa de Energía para atender la demanda internacional.
83,DemaCome,Demanda Comercial por MercadoComercializacion,MercadoComercializacion,31,HourlyEntities,http://servapibi.xm.com.co/hourly,No aplica,kWh,Considera la demanda propia de cada comercializador mas la paticipacion en la perdidas del STN y los consumos propios de los generadores.
84,ImportMonedaCOP,Importaciones Moneda COP por Sistema,Sistema,31,HourlyEntities,http://servapibi.xm.com.co/hourly,No aplica,COP,Transferencias de Energia desde otros paises para abastecer la demanda nacional
85,ExportMonedaUSD,Exportaciones Moneda USD por Sistema,Sistema,31,HourlyEntities,http://servapibi.xm.com.co/hourly,No aplica,COP,Transferencias de Energia desde Colombia hacia otros paises
86,ImportMonedaUSD,Importaciones Moneda USD por Sistema,Sistema,31,HourlyEntities,http://servapibi.xm.com.co/hourly,No aplica,COP,Transferencias de Energia desde otros paises para abastecer la demanda nacional
87,CompBolsaNacMoneda,Compras Bolsa Nacional Moneda por Sistema,Sistema,31,HourlyEntities,http://servapibi.xm.com.co/hourly,No aplica,COP,Energía comprada en la Bolsa de Energía para atender la demanda nacional
88,CompContMoneda,Compras en Contrato Moneda por Sistema,Sistema,31,HourlyEntities,http://servapibi.xm.com.co/hourly,No aplica,COP,Energía comprada mediante Contratos de largo plazo
89,VentaBolsNaciMoneda,Ventas Bolsa Nacional Moneda por Sistema,Sistema,31,HourlyEntities,http://servapibi.xm.com.co/hourly,No aplica,COP,Energia comprada en la Bolsa de Energia para atender la demanda nacional
90,VentBolsNaciEner,Ventas Bolsa Nacional Energía por Sistema,Sistema,31,HourlyEntities,http://servapibi.xm.com.co/hourly,No aplica,kWh,Energia comprada en la Bolsa de Energia para atender la demanda nacional
91,VentBolsNaciEner,Ventas Bolsa Nacional Energía por Agente,Agente,31,HourlyEntities,http://servapibi.xm.com.co/hourly,Codigo Agente,kWh,Energia comprada en la Bolsa de Energia para atender la demanda nacional
92,CostMargDesp,Costo Marginal Despacho Programado por Sistema,Sistema,31,HourlyEntities,http://servapibi.xm.com.co/hourly,No aplica,COP/kWh,Es el aumento en el costo total operativo del Sistema debido al incremento de la demanda del mismo en una unidad. El costo adicional es imputable únicamente a unidades de generación flexbiles y con el
93,DesvMoneda,Desviaciones Moneda por Sistema,Sistema,31,HourlyEntities,http://servapibi.xm.com.co/hourly,No aplica,COP,Es la cantidad de energía que se desvía una Central cuando incumple el programa de generación
94,CostRecPos,Costo Unitario Reconciliacion Positiva por Area,Area,31,HourlyEntities,http://servapibi.xm.com.co/hourly,No Aplica,COP/kWh,Reconcilación Positiva sin AGC ($) / Reconcilación Positiva sin AGC (kWh)
95,CostRecPos,Costo Unitario Reconciliacion Positiva por SubArea,SubArea,31,HourlyEntities,http://servapibi.xm.com.co/hourly,No Aplica,COP/kWh,Reconcilación Positiva sin AGC ($) / Reconcilación Positiva sin AGC (kWh)
96,CostRecNeg,Costo Unitario Reconciliacion Negativa por Area,Area,31,HourlyEntities,http://servapibi.xm.com.co/hourly,No Aplica,COP/kWh,Reconcilación Negativa sin AGC ($) / Reconcilación Negativa sin AGC (kWh)
97,CostRecNeg,Costo Unitario Reconciliacion Negativa por SubArea,SubArea,31,HourlyEntities,http://servapibi.xm.com.co/hourly,No Aplica,COP/kWh,Reconcilación Negativa sin AGC ($) / Reconcilación Negativa sin AGC (kWh)
98,CompContEnerSICEP,Compras en Contrato Energía en SICEP por Agente,Agente,31,HourlyEntities,http://servapibi.xm.com.co/hourly,Codigo Agente,kWh,Energía comprada mediante Contratos de largo plazo
99,CompContEnerSICEP,Compras en Contrato Energía en SICEP por Sistema,Sistema,31,HourlyEntities,http://servapibi.xm.com.co/hourly,No aplica,kWh,Energía comprada mediante Contratos de largo plazo
100,VentContEnerSICEP,Ventas en Contrato Energía del SICEP por Agente,Agente,31,HourlyEntities,http://servapibi.xm.com.co/hourly,Codigo Agente,kWh,Energia vendida mediante Contratos de largo plazo
101,VentContEnerSICEP,Ventas en Contrato Energía del SICEP por Sistema,Sistema,31,HourlyEntities,http://servapibi.xm.com.co/hourly,No aplica,kWh,Energia vendida mediante Contratos de largo plazo
102,DemaRealReg,Demanda Real Regulada Agente,Agente,31,HourlyEntities,http://servapibi.xm.com.co/hourly,Codigo Comercializador,kWh,Demanda de usuarios regulados y no regulados que hacen parte del Sistema Interconectado Nacional (no incluye Alumbrado Público)
103,DemaRealReg,Demanda Real Regulada Sistema,Sistema,31,HourlyEntities,http://servapibi.xm.com.co/hourly,No aplica,kWh,Demanda de usuarios regulados y no regulados que hacen parte del Sistema Interconectado Nacional (no incluye Alumbrado Público)
104,DemaRealNoReg,Demanda Real No Regulada Agente,Agente,31,HourlyEntities,http://servapibi.xm.com.co/hourly,Codigo Comercializador,kWh,Demanda de usuarios regulados y no regulados que hacen parte del Sistema Interconectado Nacional (no incluye Alumbrado Público)
105,DemaRealNoReg,Demanda Real No Regulada Sistema,Sistema,31,HourlyEntities,http://servapibi.xm.com.co/hourly,No aplica,kWh,Demanda de usuarios regulados y no regulados que hacen parte del Sistema Interconectado Nacional (no incluye Alumbrado Público)
106,PerdidasEnerReg,Perdidas de Energía Regulada Agente,Agente,31,HourlyEntities,http://servapibi.xm.com.co/hourly,Codigo Comercializador,kWh,"Cantidad de las inyecciones de energia al Sistema de Transmision Nacional (flujos de baja a alta tension), menos la cantidad de los flujos que salieron del Sistema (flujos de alta a baja tension)."
107,PerdidasEnerReg,Perdidas de Energía Regulada Sistema,Sistema,31,HourlyEntities,http://servapibi.xm.com.co/hourly,No aplica,kWh,"Cantidad de las inyecciones de energia al Sistema de Transmision Nacional (flujos de baja a alta tension), menos la cantidad de los flujos que salieron del Sistema (flujos de alta a baja tension)."
108,PerdidasEnerNoReg,Perdidas de Energía No Regulada Agente,Agente,31,HourlyEntities,http://servapibi.xm.com.co/hourly,Codigo Comercializador,kWh,"Cantidad de las inyecciones de energia al Sistema de Transmision Nacional (flujos de baja a alta tension), menos la cantidad de los flujos que salieron del Sistema (flujos de alta a baja tension)."
109,PerdidasEnerNoReg,Perdidas de Energía No Regulada Sistema,Sistema,31,HourlyEntities,http://servapibi.xm.com.co/hourly,No aplica,kWh,"Cantidad de las inyecciones de energia al Sistema de Transmision Nacional (flujos de baja a alta tension), menos la cantidad de los flujos que salieron del Sistema (flujos de alta a baja tension)."
110,PerdidasEner,Perdidas de Energía Agente,Agente,31,HourlyEntities,http://servapibi.xm.com.co/hourly,Codigo Comercializador,kWh,"Cantidad de las inyecciones de energia al Sistema de Transmision Nacional (flujos de baja a alta tension), menos la cantidad de los flujos que salieron del Sistema (flujos de alta a baja tension)."
111,DeltaInt,Delta Incremento Internacional por Sistema,Sistema,31,DailyEntities,http://servapibi.xm.com.co/daily,No Aplica,COP/kWh,Incremento sobre el MPO (Máximo Precio Ofertado) Internacional horario para calcular el Precio de Bolsa Internacional (Venezuela). Resolución 051/2009
112,DeltaNal,Delta Incremento Nacional por Sistema,Sistema,31,DailyEntities,http://servapibi.xm.com.co/daily,No Aplica,COP/kWh,Incremento sobre el MPO (Máximo Precio Ofertado) Nacional horario para calcular el Precio de Bolsa Nacional. Resolución 51/2009
113,ENFICC,Energía en Firme Cargo por Confiabilidad - ENFICC por Recurso,Recurso,31,DailyEntities,http://servapibi.xm.com.co/daily,Codigo Submercado Generación,kWh,"Energía Firme para el Cargo por Confiabilidad : Es la máxima energía eléctrica que es capaz de entregar una planta de generación continuamente, en condiciones de baja hidrología, en un período de un a"
114,ENFICC,Energía en Firme Cargo por Confiabilidad - ENFICC por Sistema,Sistema,31,DailyEntities,http://servapibi.xm.com.co/daily,No Aplica,kWh,"Energía Firme para el Cargo por Confiabilidad : Es la máxima energía eléctrica que es capaz de entregar una planta de generación continuamente, en condiciones de baja hidrología, en un período de un a"
115,CompNetArranPara,Compras Netas Arranque y Parada por Sistema,Sistema,31,DailyEntities,http://servapibi.xm.com.co/daily,No aplica,COP,Compras netas del Recurso de Generación por concepto de Arranque y Parada con base en el Valor a Distribuir y el Valor a Recaudar por el mismo concepto. Resolución 051/2009
116,AporEner,Aportes  Energía por Sistema,Sistema,31,DailyEntities,http://servapibi.xm.com.co/daily,No aplica,kWh,Caudales en energia de los rios que aportan agua a algun embalse del SIN
117,PrecPromCont,Precio Promedio Contrato por Sistema,Sistema,31,DailyEntities,http://servapibi.xm.com.co/daily,No aplica,COP/kWh,"Precio Promedio Ponderado de contratos largo plazo, de acuerdo a la cantidad de energía de cada contrato"
118,RemuRealIndiv,Remuneración Real Individual Diaria - RRID por Sistema,Sistema,31,DailyEntities,http://servapibi.xm.com.co/daily,No aplica,COP,Remuneración Real Individual Diaria de la Obligación de Energía Firme de acuerdo con lo establecido en la Resolución CREG 071 de 2006.
119,VoluUtilDiarEner,Volumen Útil diario Energía por Sistema,Sistema,31,DailyEntities,http://servapibi.xm.com.co/daily,No aplica,kWh,"Volumen almacenado por encima del Nivel Minimo Tecnico, reportado diariamente por los agentes. En % corresponde a la relacion entre el Volumen Util Diario y la Capacidad Util del Embalse"
120,PrecEscaAct,Precio Escasez Activación por Sistema,Sistema,31,DailyEntities,http://servapibi.xm.com.co/daily,No aplica,COP/kWh,Precio de Escasez de Activación calculado de acuerdo con la Resolución CREG 140 del 2017
121,PrecEsca,Precio Escasez por Sistema,Sistema,31,DailyEntities,http://servapibi.xm.com.co/daily,No aplica,COP/kWh,"Establecido por la CREG- y actualizado mensualmente con base en la variación de un índice de precios de combustibles, tiene una doble función. Por una parte indica a partir de qué momento las Obligaci"
122,PrecEscaMarg,Precio Marginal Escasez por Sistema,Sistema,31,DailyEntities,http://servapibi.xm.com.co/daily,No aplica,COP/kWh,Precio Marginal de Escasez calculado de acuerdo con la Resolución CREG 140 del 2017
123,CapEfecNeta,Capacidad Efectiva Neta por Recurso,Recurso,31,DailyEntities,http://servapibi.xm.com.co/daily,Codigo Submercado Generación,kW,Máxima cantidad de potencia neta que puede suministrar una unidad de generación en condiciones normales de operación. Incluye las menores y cogeneradores
124,DemaSIN,Demanda Energia SIN por Sistema,Sistema,31,DailyEntities,http://servapibi.xm.com.co/daily,No aplica,kWh,"Demanda del SIN, la cual se calcula con base en la generacion neta de las plantas e incluye: hidraulicas, termicas, plantas menores, cogeneradores , demanda no atendida, limitacion del suministro e im"
125,AporEnerMediHist,Aportes Media Histórica Energía por Sistema,Sistema,31,DailyEntities,http://servapibi.xm.com.co/daily,No aplica,kWh,"Caudal medio mensual histórico en energia para los rios del SIN, obtenido como el promedio de los valores de cada mes para todos años con información disponibles "
126,CapaUtilDiarEner,Capacidad Útil Energía por Sistema,Sistema,31,DailyEntities,http://servapibi.xm.com.co/daily,No aplica,kWh,"Corresponde al Volumen Útil del Embalse, que se define como el volumen almacenado entre el nivel Mínimo Técnico y el Nivel Máximo Físico"
127,FAZNI,FAZNI Moneda por Sistema,Sistema,31,DailyEntities,http://servapibi.xm.com.co/daily,No aplica,COP,"Valor recaudado por concepto del Fondo de apoyo a zonas no interconectadas. Hace parte de los fondos para atender zonas especiales deprimidas y zonas no interconectadas, con recursos del mismo sector"
128,ObligEnerFirme,Obligación de Energía en Firme - OEF por Recurso,Recurso,31,DailyEntities,http://servapibi.xm.com.co/daily,Codigo Submercado Generación,kWh,La OEF es un producto diseñado para garantizar la confiabilidad en el suministro de energía en el largo plazo a precios eficientes. Prorrata de la Energía Firme declarada para cada una de las Plantas 
129,DemaNoAtenProg,Demanda No Atendida Programada por Area,Area,31,DailyEntities,http://servapibi.xm.com.co/daily,No aplica,kWh,Es la demanda no atendida de energía del SIN por desconexiones forzadas o programadas
130,DemaNoAtenNoProg,Demanda No Atendida No Programada por Area,Area,31,DailyEntities,http://servapibi.xm.com.co/daily,No aplica,kWh,Es la demanda no atendida de energía del SIN por desconexiones forzadas o programadas
131,DemaNoAtenProg,Demanda No Atendida Programada por Subarea,Subarea,31,DailyEntities,http://servapibi.xm.com.co/daily,No aplica,kWh,Es la demanda no atendida de energía del SIN por desconexiones forzadas o programadas
132,DemaNoAtenNoProg,Demanda No Atendida No Programada por Subarea,Subarea,31,DailyEntities,http://servapibi.xm.com.co/daily,No aplica,kWh,Es la demanda no atendida de energía del SIN por desconexiones forzadas o programadas
133,VoluUtilDiarEner,Volumen Útil diario Energía por Embalse,Embalse,31,DailyEntities,http://servapibi.xm.com.co/daily,Nombre Embalse,kWh,"Volumen almacenado por encima del Nivel Minimo Tecnico, reportado diariamente por los agentes. En % corresponde a la relacion entre el Volumen Util Diario y la Capacidad Util del Embalse"
134,CapaUtilDiarEner,Capacidad Útil Energía por Embalse,Embalse,31,DailyEntities,http://servapibi.xm.com.co/daily,Nombre Embalse,kWh,"Corresponde al Volumen Útil del Embalse, que se define como el volumen almacenado entre el nivel Mínimo Técnico y el Nivel Máximo Físico"
135,AporEner,Aportes  Energía por Rio,Rio,31,DailyEntities,http://servapibi.xm.com.co/daily,Nombre Río,kWh,Caudales en energia de los rios que aportan agua a algun embalse del SIN
136,AporEnerMediHist,Aportes Media Histórica Energía por Rio,Rio,31,DailyEntities,http://servapibi.xm.com.co/daily,Nombre Río,kWh,"Caudal medio mensual histórico en energia para los rios del SIN, obtenido como el promedio de los valores de cada mes para todos años con información disponibles "
137,DDVContratada,DDV Contratada por Recurso,Recurso,31,DailyEntities,http://servapibi.xm.com.co/daily,Codigo Submercado Generación,kWh,Valor total diario contratado por cada recurso de generación bajo el esquema de Demanda Desconectable Voluntaria.
138,DemaMaxPot,Demanda Máxima de Potencia por Sistema,Sistema,31,DailyEntities,http://servapibi.xm.com.co/daily,No aplica,kWh,"Es la máxima demanda de potencia, expresada en MW, requerida por el SIN en un instante de tiempo. Conocida también como demanda pico."
139,ComContRespEner,Compras Contrato Respaldo por Recurso,Recurso,31,DailyEntities,http://servapibi.xm.com.co/daily,Codigo Submercado Generación,COP,Energia comprada en la Bolsa de Energia a aquellos generadores que brindan estabilidad al Sistema
140,PrecCargConf,Precio Cargo por Confiabilidad por Recurso,Recurso,31,DailyEntities,http://servapibi.xm.com.co/daily,Codigo Submercado Generación,USD/kWh, Precio del Cargo por confiabilidad al que se remunera la Obligación de Energía Firme
141,VentContRespEner,Ventas Contrato Respaldo por Recurso,Recurso,31,DailyEntities,http://servapibi.xm.com.co/daily,Codigo Submercado Generación,COP,Ventas de contratos Respaldo
142,ComContRespEner,Compras Contrato Respaldo por Sistema,Sistema,31,DailyEntities,http://servapibi.xm.com.co/daily,No aplica,COP,Energia comprada en la Bolsa de Energia a aquellos generadores que brindan estabilidad al Sistema
143,VentContRespEner,Ventas Contrato Respaldo por Sistema,Sistema,31,DailyEntities,http://servapibi.xm.com.co/daily,No aplica,COP,Ventas de contratos Respaldo
144,VoluUtilDiarMasa,Volumen Útil diario por Embalse,Embalse,31,DailyEntities,http://servapibi.xm.com.co/daily,Nombre Embalse,m3,"Definida como el volumen almacenado en el embalse por encima del Nivel Mínimo Técnico, inició su declaración diaria por parte de los agentes hidráulicos del mercado desde julio 11 de 2004 (Acuerdo 294"
145,VertMasa,Vertimientos Volumen por Embalse,Embalse,31,DailyEntities,http://servapibi.xm.com.co/daily,Nombre Embalse,m3,Los vertimientos estan relacionados con la cantidad de agua que debe ser evacuada en los embalses cuando la reserva sobrepasa la capacidad maxima de almacenamiento.
146,AporCaudal,Aportes Caudal por Rio,Rio,31,DailyEntities,http://servapibi.xm.com.co/daily,Nombre Río,m3/s,"Valores de la hidrologia de los caudales de los rios del SIN, en metros cubicos por segundo"
147,AporCaudalMediHist,Aportes Media Histórica Caudal por Rio,Rio,31,DailyEntities,http://servapibi.xm.com.co/daily,Nombre Río,m3/s,"Caudal medio mensual histórico para los rios del SIN, obtenido como el promedio de los valores de cada mes para todos años con información disponibles"
148,DescMasa,Descargas por Embalse,Embalse,31,DailyEntities,http://servapibi.xm.com.co/daily,Nombre Embalse,Miles m3,"Agua descargada del embalse por compuertas de fondo o cualquier otro sistema, expresado en miles m3."
149,VertEner,Vertimientos Energía por Embalse,Embalse,31,DailyEntities,http://servapibi.xm.com.co/daily,Nombre Embalse,kWh,Los vertimientos estan relacionados con la cantidad de agua que debe ser evacuada en los embalses cuando la reserva sobrepasa la capacidad maxima de almacenamiento.
150,VertEner,Vertimientos Energía por Sistema,Sistema,31,DailyEntities,http://servapibi.xm.com.co/daily,No aplica,kWh,Los vertimientos estan relacionados con la cantidad de agua que debe ser evacuada en los embalses cuando la reserva sobrepasa la capacidad maxima de almacenamiento.
151,CapaUtilDiarMasa,Capacidad Útil Volumen por Embalse,Embalse,31,DailyEntities,http://servapibi.xm.com.co/daily,Nombre Embalse,m3,"Corresponde al Volumen Útil del Embalse, que se define como el volumen almacenado entre el nivel Mínimo Técnico y el Nivel Máximo Físico"
152,CapaUtilDiarMasa,Capacidad Útil Volumen por Sistema,Sistema,31,DailyEntities,http://servapibi.xm.com.co/daily,No aplica,m3,"Corresponde al Volumen Útil del Embalse, que se define como el volumen almacenado entre el nivel Mínimo Técnico y el Nivel Máximo Físico"
153,VolTurbMasa,Volumen Turbinado por Embalse,Embalse,31,DailyEntities,http://servapibi.xm.com.co/daily,Nombre Embalse,Miles m3,"Agua turbinada por la planta expresada en miles m3, incluye caudal ambiental y caudal de acueducto"
154,VolTurbMasa,Volumen Turbinado por Sistema,Sistema,31,DailyEntities,http://servapibi.xm.com.co/daily,No aplica,Miles m3,"Agua turbinada por la planta expresada en miles m3, incluye caudal ambiental y caudal de acueducto"
155,PrecOferIdeal,Precio de Oferta Ideal por Recurso,Recurso,31,DailyEntities,http://servapibi.xm.com.co/daily,Codigo Submercado Generación,COP/kWh,Es el precio de la energia de una recurso de generación para cada una de las 24 horas de un dia. Difiere del precio de oferta de despacho en que incluye el CERE en lugar del CEE
156,PorcVoluUtilDiar,Volumen Útil  diario % por Sistema,Sistema,31,DailyEntities,http://servapibi.xm.com.co/daily,No aplica,%,Porcentaje de volumen almacenado en el embalse por encima del Nivel Mínimo Técnico
157,PorcVoluUtilDiar,Volumen Útil  diario % por Embalse,Embalse,31,DailyEntities,http://servapibi.xm.com.co/daily,Nombre Embalse,%,Porcentaje de volumen almacenado en el embalse por encima del Nivel Mínimo Técnico
158,PorcApor,Aportes % por Sistema,Sistema,31,DailyEntities,http://servapibi.xm.com.co/daily,No aplica,%,[Aportes Caudal / Media Histórica]*100
159,PorcApor,Aportes % por Rio,Rio,31,DailyEntities,http://servapibi.xm.com.co/daily,Nombre Río,%,[Aportes Caudal / Media Histórica]*100
160,PPPrecBolsNaci,Precio Bolsa Nacional Ponderado por Sistema,Sistema,31,DailyEntities,http://servapibi.xm.com.co/daily,No aplica,COP/kWh,El Precio de Bolsa ponderado  se calcula como un ponderado de las ventas  en bolsa Nacional en el periodo (Valor/Magnitud) a partir de la versión tx2. Para la versión tx1 se pondera con la generación.
161,PrecEscaPon,Precio Escasez Ponderado por Sistema,Sistema,31,DailyEntities,http://servapibi.xm.com.co/daily,No aplica,COP/kWh,Precio Escasez Ponderado del Sistema calculado de acuerdo a la Resolución CREG 140 de 2017
162,IrrPanel,Irradiación Panel por Recurso,Recurso,31,DailyEntities,http://servapibi.xm.com.co/daily,Codigo Submercado Generación,W/m2,Irradiación solar en la superficie de los paneles representativa de  la planta solar fotovoltaica.
163,IrrGlobal,Irradiación Global por Recurso,Recurso,31,DailyEntities,http://servapibi.xm.com.co/daily,Codigo Submercado Generación,W/m2,Irradiación solar en superficie horizontal representativa de la planta solar fotovoltaica.
164,TempPanel,Temperatura Panel por Recurso,Recurso,31,DailyEntities,http://servapibi.xm.com.co/daily,Codigo Submercado Generación,,
165,TempAmbSolar,Temperatura Ambiente Solar por Recurso,Recurso,31,DailyEntities,http://servapibi.xm.com.co/daily,Codigo Submercado Generación,°C,Temperatura del aire representativa de la planta solar fotovoltaica.
166,FAER,FAER Moneda por Sistema,Sistema,731,MonthlyEntities,http://servapibi.xm.com.co/monthly,No aplica,COP,Fondo de Apoyo Financiero para la Energización de las Zonas Rurales Interconectadas -FAER-
167,PRONE,PRONE por Sistema,Sistema,731,MonthlyEntities,http://servapibi.xm.com.co/monthly,No aplica,COP,"Hace parte de los fondos especiales para atender zonas especiales deprimidas y zonas no interconectadas, con recursos del mismo sector eléctrico (FAZNI, FAER, FOES, PRONE)."
168,MC,MC por Sistema,Sistema,731,MonthlyEntities,http://servapibi.xm.com.co/monthly,No aplica,COP/kWh,"Costo Promedio ponderado por energía, expresado en COP/kWh, de todos los contratos bilaterales liquidados en el Mercado de Energía Mayorista con destino al mercado regulado. Mediante la Resolución CRE"
169,CERE,CERE por Sistema,Sistema,731,MonthlyEntities,http://servapibi.xm.com.co/monthly,No aplica,COP/kWh,"Costo Equivalente Real de Energia del Cargo por Capacidad se usa para efectos de cotización en la Bolsa de Energía, es una señal de referencia para los agentes generadores del mercado. El propósito de"
170,CEE,CEE por Sistema,Sistema,731,MonthlyEntities,http://servapibi.xm.com.co/monthly,No aplica,COP/kWh,"Costo Equivalente de Energia del Cargo por Capacidad se usa para efectos de cotización en la Bolsa de Energía, es una señal de referencia para los agentes generadores del mercado. El propósito de la s"
171,CargoUsoSTN,Cargos por Uso STN por Sistema,Sistema,731,MonthlyEntities,http://servapibi.xm.com.co/monthly,No aplica,COP,Valor que recibe el agente transmisor por uso del sistema de transmisión nacional.
172,CargoUsoSTR,Cargos por Uso STR por Sistema,Sistema,731,MonthlyEntities,http://servapibi.xm.com.co/monthly,No aplica,COP,Distribución de los cargos por uso del sistema de transmisión regional de los operadores de red
173,CargMaxTPrima,Cargo Máximo T Prima por Sistema,Sistema,731,MonthlyEntities,http://servapibi.xm.com.co/monthly,No aplica,COP/kWh,Termino usado enla metodología para el cálculo y aplicación de los Cargos por Uso del Sistema de Transmisión Nacional (STN)
174,CargMinTPrima,Cargo Mínimo T Prima por Sistema,Sistema,731,MonthlyEntities,http://servapibi.xm.com.co/monthly,No aplica,COP/kWh,Termino usado enla metodología para el cálculo y aplicación de los Cargos por Uso del Sistema de Transmisión Nacional (STN)
175,CargMedTPrima,Cargo Media T Prima por Sistema,Sistema,731,MonthlyEntities,http://servapibi.xm.com.co/monthly,No aplica,COP/kWh,Termino usado enla metodología para el cálculo y aplicación de los Cargos por Uso del Sistema de Transmisión Nacional (STN)
176,EscDemUPMEAlto,Demanda de Energia Proyectada UPME Escenario Alto por Sistema,Sistema,731,MonthlyEntities,http://servapibi.xm.com.co/monthly,No aplica,kWh,proyecciones de demanda de energía realizada por la UPME 
177,EscDemUPMEMedio,Demanda de Energia Proyectada UPME Escenario Medio por Sistema,Sistema,731,MonthlyEntities,http://servapibi.xm.com.co/monthly,No aplica,kWh,proyecciones de demanda de energía realizada por la UPME
178,EscDemUPMEBajo,Demanda de Energia Proyectada UPME Escenario Bajo por Sistema,Sistema,731,MonthlyEntities,http://servapibi.xm.com.co/monthly,No aplica,kWh,Generación neta de cada una de las plantas en sus puntos de frontera. Incluye las importaciones Internacionales
179,PrecFAZNI,FAZNI Precio por Sistema,Sistema,731,MonthlyEntities,http://servapibi.xm.com.co/monthly,No aplica,COP/kWh,FAZNI - Fondo de apoyo a zonas no interconectadas
180,ListadoRecursos,plantas y unidades que tiene asociadas un agente por Agente,Agente,731,ListsEntities,http://servapibi.xm.com.co/list,No aplica,,Listado de recursos y unidades que pertenecen a un agente generador
181,ListadoRecursos,Listado Recursos con atributos por Sistema,Sistema,731,ListsEntities,http://servapibi.xm.com.co/list,No aplica,,Listado de recursos con sus atributos y que se encuentran en operación comercial  y pruebas conectados al Sistema Interconectado Nacional SIN
182,ListadoAgentes,Listado de agentes con atributos por Sistema,Sistema,731,ListsEntities,http://servapibi.xm.com.co/list,No aplica,,Listado de Agentes registrados ante el ASIC con la actividad que desarrollan en el mercado
183,ListadoRios,Listado de rios por Sistema,Sistema,731,ListsEntities,http://servapibi.xm.com.co/list,No aplica,,Listado de ríos que se encuentran registrados ante el CND y que cuentan con punto de medida
184,ListadoEmbalses,Listado de embalses por Sistema,Sistema,731,ListsEntities,http://servapibi.xm.com.co/list,No aplica,,Listado de embalses que se encuentran registrados ante el CND y que son reportados por algún recurso del SIN
185,ListadoMetricas,Listado de Métricas por Sistema,Sistema,731,ListsEntities,http://servapibi.xm.com.co/list,No aplica,,Listado de métricas disponibles en la API XM con los respectivos atributos de consulta
186,ListadoAGPE,Listado Autogeneradores a Pequeña Escala por Agente,Agente,731,ListsEntities,http://servapibi.xm.com.co/list,No aplica,kW,Listado de Autogeneradores a Pequeña Escala AGPE con reporte y sin reporte al ASIC.
